Spanisch,Deutsch,Lektion
soltero,ledig,
viajar,reisen,
llamarse,heißen,
el taxi,Taxi,
mucho,"viel, sehr, oft",
trabajar,arbeiten,
buenos días,"guten Tag, guten Morgen",
adónde,wohin?,
ir,"gehen, fahren",
a,"nach, zu",
la calle,Straße,
poder,können,
la enfermera,Krankenschwester,
aquí,hier,
tener,haben,
la foto,Foto,
guapo,"hübsch, gut aussehend",
qué,"was, welche/r/s",
yo,ich,
hacer,"machen, tun",
delante,davor,
el turismo,Tourismus,
sí,"ja, doch",
o,oder,
claro,klar,
el trabajo,Arbeit,
ser,sein,
su,"sein/e, ihr/e, Ihr/e",
el fotógrafo,Fotograf,
eso,das da,
primero,erste/r/s,
la vez,Mal,
en,"in, an, auf",
la clase,Art,
periodista,Journalist/in,
querer,"wollen, möchten, lieben",
mi,mein/e,
el libro,Buch,
de,"von, aus",
la persona,Person,
Alemania,Deutschland,
la historia,Geschichte,
personal,persönlich,
tener años,Jahre alt sein,
el año,Jahr,
gracias,danke,
por,"wegen, für",
bueno,gut,
la idea,Idee,
alojarse,übernachten,
la información,Information,
estudiar,"lernen, studieren",
el hotel,Hotel,
significar,bedeuten,
el curso,Kurs,
la casa,Haus,
el amigo,Freund,
hablar,sprechen,
solo,"allein, nur",
un poco,"etwas, ein bisschen",
ya,"schon, gleich",
haber,haben/sein,
llegar,ankommen,
el español,Spanisch,
el euro,Euro,
pues,"nun, tja",
el dinero,Geld,
muy,sehr,
el resto,Rest,
bien,gut,
para,für,
usted,Sie,
vivir,"leben, wohnen",
mí,"mir, mich",
con,"mit, bei",
le,"ihm, ihr, Ihnen",
entender,verstehen,
la mujer,Ehefrau,
estar,"sein, sich befinden",
casado,verheiratet,
no,"nein, nicht",
la maleta,Koffer,
Austria,Österreich,
Suiza,Schweiz,
Inglaterra,England,
Canadá,Kanada,
Estados Unidos,Vereinigte Staaten,
España,Spanien,
Latinoamérica,Lateinamerika,
se,"man, sich",
el alemán,Deutsch,
el inglés,Englisch,
el portugués,Portugiesisch,
el castellano,"Kastilisch, Spanisch",
el catalán,Katalanisch,
el gallego,Galicisch,
el vasco,Baskisch,
el idioma,Sprache,
la lengua,"Sprache, Zunge",
dónde,wo,
de dónde,woher,
el país,Land,
Turquía,Türkei,
Portugal,Portugal,
Siria,Syrien,
Japón,Japan,
el japonés,Japanisch,
el francés,Französisch,
el árabe,Arabisch,
el turco,Türkisch,
el chino,Chinesisch,
Francia,Frankreich,
Rusia,Russland,
el italiano,Italienisch,
el ruso,Russisch,
la nacionalidad,Nationalität,
estadounidense,US-amerikanisch,
austriaco,österreichisch,
el chico,"junger Mann, Junge",
la chica,"Mädchen, junge Frau",
pero,aber,
canadiense,kanadisch,
el nombre,Name,
el apellido,Nachname,
la edad,Alter,
la dirección,Adresse,
el número,"Nummer, Zahl",
el teléfono,Telefon,
el móvil,Mobiltelefon,
la ciudad,Stadt,
la profesión,Beruf,
el estado civil,Familienstand,
cómo,wie,
cuál,welche/r/s,
el centro,"Stadtmitte, Zentrum",
taxista,Taxifahrer/in,
el profesor,Lehrer,
como,als,
el/ la estudiante,"Student/in, Lerner/in",
la lengua materna,Muttersprache,
el saludo,Gruß,
la despedida,Verabschiedung,
buenas tardes,"guten Tag, guten Abend",
buenas noches,"guten Abend, gute Nacht",
hola,hallo,
mucho gusto,angenehm,
encantado,sehr erfreut,
adiós,"auf Wiedersehen, tschüs",
hasta luego,bis bald,
tú,du,
también,auch,
quién,wer,
cuánto,wie viel,
él,er,
ella,sie,
nosotros,wir,
vosotros,ihr,
colombiano,kolumbianisch,
preguntar,fragen,
responder,beantworten,
leer,lesen,
escribir,schreiben,
ver,sehen,
perdón,Entschuldigung,
tener que,müssen,
salir,"hinausgehen, abfahren",
dejar,hinterlassen,
el vecino,Nachbar,
al lado,daneben,
pasar,hereinkommen,
beber,trinken,
la cerveza,Bier,
el agua,Wasser,
por favor,bitte,
tomar,nehmen,
tener calor,einem heiß sein,
el calor,"Wärme, Hitze",
hace calor,"es ist warm, es ist heiß",
el verano,Sommer,
hoy,heute,
el grado,Grad,
comer,essen,
algo,etwas,
visitar,besuchen,
más,"mehr, am meisten",
lento,langsam,
siempre,immer,
rápido,schnell,
te,"dich, dir",
gustar,"mögen, gefallen",
nada,nichts,
me,"mich, mir",
el monumento,Denkmal,
el parque,Park,
el museo,Museum,
el edificio,Gebäude,
bonito,schön,
la naturaleza,Natur,
encantar,"begeistern, lieben",
la gente,Leute,
arriba,oben,
el mapa,Landkarte,
viejo,alt,
ayudar,helfen,
hay,es gibt,
la parada,Haltestelle,
el metro,"Metro, U-Bahn",
cerca,nah,
el hospital,Krankenhaus,
ahí,dort,
la línea,Linie,
azul,blau,
hasta,bis,
famoso,berühmt,
la iglesia,Kirche,
el autobús,Bus,
después,danach,
pasear,spazierengehen,
por,durch,
el paseo,Allee,
el árbol,Baum,
el banco,Bank,
lejos,weit weg,
el lago,See,
la fuente,Brunnen,
grande,groß,
algunos,einige,
la escultura,Skulptur,
luego,"später, nachher",
el barrio,Stadtviertel,
antiguo,"alt, ehemalig",
artista,Künstler/in,
la música,Musik,
pequeño,klein,
la tienda,"Geschäft, Laden",
el mercado,Markt,
bajar,absteigen,
hacia,"nach, zu",
el mar,Meer,
allí,"da, dort",
la estatua,Statue,
alto,"hoch, groß",
el restaurante,Restaurant,
este,dieser,
esta,diese,
de nada,nichts zu danken,
ti,"dir, dich",
necesitar,brauchen,
a la izquierda,links,
que te diviertas,viel Spaß,
divertirse,Spaß haben,
otra vez,"noch einmal, wieder",
otro,ein anderes,
beso,Kuss,
hace sol,es ist sonnig,
sol,Sonne,
rojo,rot,
verde,grün,
amarillo,gelb,
negro,schwarz,
marrón,braun,
gris,grau,
blanco,weiß,
el cielo,Himmel,
la paloma,Taube,
la nube,Wolke,
el prado,Wiese,
la vaca,Kuh,
el río,Fluss,
el campo,"Land, Feld",
la flor,Blume,
la abeja,Biene,
la hoja,Blatt,
la montaña,Berg,
el tráfico,Verkehr,
la raya,Streifen,
el coche,Auto,
tranquilo,ruhig,
nuevo,neu,
malo,schlecht,
feo,hässlich,
moderno,modern,
ruidoso,laut,
la universidad,Universität,
encima,"auf, über",
detrás,hinter,
dentro,"innerhalb, drinnen",
fuera,"außerhalb, draußen",
entre,zwischen,
a la derecha,rechts,
debajo,unter,
el millón,Million,
interesante,interessant,
por ejemplo,zum Beispiel,
el arquitecto,Architekt,
la catedral,"Kathedrale, Dom",
el café,Café,
el bar,"Kneipe, Bar",
la playa,Strand,
por eso,deshalb,
la actividad,Aktivität,
cada,jede/r/s,
la primavera,Frühling,
cuándo,wann,
el otoño,Herbst,
el invierno,Winter,
hace frío,es ist kalt,
el frío,Kälte,
el viento,Wind,
la lluvia,Regen,
la nieve,Schnee,
porque,weil,
esquiar,Skifahren,
el tiempo libre,Freizeit,
pasar,verbringen,
el día,Tag,
escuchar,zuhören,
nadar,schwimmen,
el deporte,Sport,
tocar,spielen,
la guitarra,Gitarre,
el fútbol,Fußball,
el tenis,Tennis,
la discoteca,Diskothek,
el animal,Tier,
simpático,sympathisch,
el señor,Herr,
sobre,über,
futbolista,Fußballspieler/in,
el problema,Problem,
el sistema,System,
el hombre,Mann,
el sofá,Sofa,
la mano,Hand,
la moto,Motorrad,
turista,Tourist/in,
joven,Jugendliche/r,
la noche,"Nacht, Abend",
el estadio,Stadion,
os,euch,
tomar el sol,sich sonnen,
interesar,interessieren,
el billete,Fahrkarte,
la tarjeta,Karte,
el viaje,"Fahrt, Reise",
la cámara,Kamera,
el cumpleaños,Geburtstag,
julio,Juli,
felicidades,"Glückwunsch, alles Gute",
el tiempo,Zeit,
qué hora es,wie spät ist es?,
la tarde,spät,
matar,umbringen,
mejor,lieber,
llamar,anrufen,
el momento,Moment,
diga,hallo?,
cariño,Liebling,
perdonar,entschuldigen,
preocuparse,sich Sorgen machen,
minuto,Minute,
hasta ahora,bis gleich,
precioso,"wunderschön, wertvoll",
todo,alles,
seguro,sicherlich,
además,außerdem,
el concierto,Konzert,
conocer,"kennen, kennenlernen",
fantástico,"toll, fantastisch",
próximo,nächste/r/s,
la cena,Abendessen,
romántico,romantisch,
un poquito,ein kleines bisschen,
perfecto,perfekt,
empezar,anfangen,
seguir,"weiterfahren, folgen",
una más,eine weiter,
olvidar,vergessen,
ese,dieser,
esa,diese,
el placer,Vergnügen,
igualmente,gleichfalls,
nos,uns,
funcionar,funktionieren,
casarse,heiraten,
conmigo,mit mir,
creer,glauben,
la semana,Woche,
el lunes,Montag,
el martes,Dienstag,
el miércoles,Mittwoch,
el jueves,Donnerstag,
el viernes,Freitag,
el sábado,Samstag,
el domingo,Sonntag,
ayer,gestern,
anteayer,vorgestern,
la mañana,morgen,
pasado mañana,übermorgen,
la fiesta,"Fest, Party",
el mes,Monat,
enero,Januar,
febrero,Februar,
marzo,März,
abril,April,
mayo,Mai,
junio,Juni,
agosto,August,
septiembre,September,
octubre,Oktober,
noviembre,November,
diciembre,Dezember,
a la semana,wöchentlich,
el fin de semana,Wochenende,
la fecha de nacimiento,Geburtsdatum,
la fecha,Datum,
a qué hora,um wie viel Uhr?,
por la mañana,vormittags,
por la tarde,"nachmittags, abends",
por la noche,"abends, nachts",
al mediodía,mittags,
el mediodía,Mittag,
en punto,genau,
el cuarto,Viertel,
medio,halbe/r/s,
menos,weniger,
el tranvía,S-Bahn,
el tren,Zug,
el avión,Flugzeug,
el barco,Schiff,
la bicicleta,Fahrrad,
el pie,Fuß,
la oficina,Büro,
ir en avión,fliegen,
el aeropuerto,Flughafen,
práctico,praktisch,
el supermercado,Supermarkt,
ir de bares,etwas trinken gehen,
las tapas,Appetithäppchen,
el cine,Kino,
el teatro,Theater,
cenar,zu Abend essen,
la compra,Einkauf,
la excursión,"Ausflug, Wanderung",
bailar,tanzen,
dar un paseo,einen Spaziergang machen,
pensar,"denken, überlegen",
mirar,anschauen,
la banda de rock,Rockband,
la paella,Reisgericht,
último,letzte/r/s,
la película,Film,
la pizza,Pizza,
el zapato,Schuh,
apetecer,"Lust haben auf, gefallen",
quedar,sich verabreden,
sentirlo,bedauern,
vale,"einverstanden, okay",
de acuerdo,einverstanden,
temprano,früh,
antes de,"vor, bevor",
entonces,"dann, also",
el recado,Nachricht,
decir,sagen,
buscar,"suchen, abholen",
tomar nota,notieren,
la nota,Notiz,
si,ob,
avenida,Allee,
todo recto,geradeaus,
girar,"abbiegen, wenden",
cruzar,überqueren,
plaza,Platz,
segundo,zweite/r/s,
tercero,dritte/r/s,
semáforo,Ampel,
esquina,Ecke,
rotonda,Kreisverkehr,
salida,"Abfahrt, Ausgang",
la estación,Bahnhof,
hay que,man muss,
dar,geben,
preferir,bevorzugen,
contar,"erzählen, zählen",
costar,kosten,
volver,zurückkommen,
pedir,"bitten um, bestellen",
repetir,wiederholen,
servir,"servieren, nützlich sein",
la regla,Regel,
terminar,beenden,
venir,mitkommen,
llevar,mitnehmen,
la familia,Familie,
por fin,endlich,
el padre,Vater,
la nariz,Nase,
roto,"gebrochen, kaputt",
romper,kaputt machen,
tu,dein/e,
pelirrojo,rothaarig,
ahora,jetzt,
la madre,Mutter,
la ayuda,Hilfe,
la caña,kleines Bier,
la patata,Kartoffel,
el calamar,Tintenfisch,
los hermanos,Geschwister,
los padres,Eltern,
la hermana,Schwester,
completo,ganz,
jugar,spielen,
todavía,noch,
la novia,feste Freundin,
saber,wissen,
el camarero,Kellner,
la gamba,Garnele,
la aceituna,Olive,
mostrar,zeigen,
el lugar,"Ort, Platz",
el carácter,Charakter,
antipático,unsympathisch,
gordo,dick,
delgado,schlank,
el alcohol,Alkohol,
la cuenta,Rechnung,
cerrar,schließen,
la copa,Stielglas,
el vino,Wein,
el plato,"Teller, Gericht",
las patatas bravas,Kartoffeln mit pikanter Soße,
el queso,Käse,
al ajillo,in Knoblauchsoße,
el pan,Brot,
total,insgesamt,
la salsa,Soße,
picante,scharf,
probar,"probieren, kosten",
el jamón,Schinken,
pagar,bezahlen,
la sardina,Sardine,
frito,"frittiert, gebraten",
la bebida,Getränk,
el vino tinto,Rotwein,
el vaso,Trinkglas,
el agua mineral,Mineralwasser,
sin,ohne,
el gas,Kohlensäure,
el café solo,Espresso,
el café cortado,Espresso mit Milch,
el café,Kaffee,
la leche,Milch,
la infusión,Kräutertee,
la menta,Pfefferminz,
la manzanilla,Kamille,
el menú del día,Tageskarte,
el menú,Menü,
traer,mitbringen,
la botella,Flasche,
desear,wünschen,
la mesa,Tisch,
libre,frei,
la terraza,Terrasse,
el marido,Ehemann,
los hijos,Kinder,
mayor,"älter, größer",
el hermano,Bruder,
menor,jünger,
los suegros,Schwiegereltern,
el yerno,Schwiegersohn,
el cuñado,Schwager,
el hijo,"Sohn, Kind",
divorciado,geschieden,
la tía,Tante,
los sobrinos,Neffen und Nichten,
el primo,Cousin,
el nieto,Enkel,
los abuelos,Großeltern,
la hija,Tochter,
el abuelo,Großvater,
la abuela,Großmutter,
el tío,Onkel,
el sobrino,Neffe,
la sobrina,Nichte,
la cara,Gesicht,
el pelo,Haar,
la boca,Mund,
el diente,Zahn,
la peca,Sommersprosse,
la oreja,Ohr,
el ojo,Auge,
corto,kurz,
rizado,gelockt,
largo,lang,
rubio,blond,
calvo,kahlköpfig,
llevar,tragen,
la barba,Bart,
el bigote,Schnurrbart,
las gafas,Brille,
bajo,"klein, niedrig",
moreno,dunkelhaarig,
alegre,fröhlich,
serio,ernst,
jubilado,pensioniert,
gordito,vollschlank,
la niña,Mädchen,
bajito,etwas klein,
el adulto,Erwachsene/r,
el niño,"Kind, Junge",
el tatuaje,Tätowierung,
ya no,nicht mehr,
viudo,verwitwet,
único,einzige/r/s,
inteligente,intelligent,
pariente,Verwandte/r,
donde,wo,
idéntico,identisch,
el bebé,Baby,
vuestro,"euer, eure",
nuestro,unser/e,
la pasión,Leidenschaft,
el perro,Hund,
el color,Farbe,
la señora,Frau,
conducir,fahren,
parecer,scheinen,
traducir,übersetzen,
poner,"setzen, stellen, legen",
caerse,hinfallen,
europeo,europäisch,
importante,wichtig,
difícil,schwierig,
la sopa,Suppe,
estresado,gestresst,
relajarse,sich entspannen,
ganar,verdienen,
rico,"reich, lecker",
la reina,Königin,
la mandarina,Mandarine,
el plátano,Banane,
la pera,Birne,
fresco,frisch,
genial,genial,
ducharse,duschen,
la cosa,"Ding, Sache",
todos los días,jeden Tag,
el periódico,Zeitung,
la revista,Zeitschrift,
lo mismo,das Gleiche,
levantarse,aufstehen,
acostarse,ins Bett gehen,
la mamá,Mama,
el videojuego,Videospiel,
qué va,ach was,
la panadería,Bäckerei,
la frutería,Obstladen,
la barra de pan,Stangenbrot,
el pan integral,Vollkornbrot,
el cruasán,Croissant,
listo,"bereit, fertig",
preparar,vorbereiten,
mientras,während,
esperar,warten,
nunca,nie,
casi,fast,
la lista,Liste,
acordarse,sich erinnern,
el lenguado,Seezunge,
caro,teuer,
llevarse,mitnehmen,
el salmón,Lachs,
el ruido,Lärm,
el pollo,Hähnchen,
la docena,Dutzend,
el huevo,Ei,
el pescado,Fisch (Essen),
la carne,Fleisch,
la verdulería,Gemüseladen,
vender,verkaufen,
la alcachofa,Artischocke,
la lechuga,Kopfsalat,
el tomate,Tomate,
el pepino,Gurke,
la bolsa,Tüte,
el cambio,Wechselgeld,
qué tal,wie geht's?,
la comida,Essen,
lavar,"waschen, spülen",
la ensalada,Salat,
cocinar,kochen,
qué buena pinta,es sieht gut aus,
la manzana,Apfel,
la pasta,Pasta,
el limón,Zitrone,
el yogur,Joghurt,
el arroz,Reis,
la milanesa,Schnitzel,
la cebolla,Zwiebel,
la salchicha,"Wurst, Würstchen",
la fresa,Erdbeere,
la naranja,Orange,
la fruta,Obst,
la verdura,Gemüse,
los lácteos,Milchprodukte,
el marisco,Meeresfrucht,
la carnicería,Metzger,
la pescadería,Fischgeschäft,
el aceite,Öl,
la lata,Dose,
el atún,Thunfisch,
las patatas fritas,Pommes frites,
el litro,Liter,
el frasco,Glasbehälter,
la mermelada,Marmelade,
la caja,"Karton, Schachtel",
el cereal,Getreide,
el paquete,Paket,
el azúcar,Zucker,
la barra de chocolate,Schokoladentafel,
la mayonesa,Mayonnaise,
el zumo,Saft,
el gramo,Gramm,
despertarse,aufwachen,
desayunar,frühstücken,
dormirse,einschlafen,
regularmente,regelmäßig,
normalmente,normalerweise,
generalmente,im Allgemeinen,
muchas veces,oftmals,
a menudo,oft,
frecuentemente,"oft, häufig",
a veces,manchmal,
encontrarse,sich treffen,
el correo,E-Mail,
el mensaje,Nachricht,
quería,ich hätte gerne,
el tipo,Sorte,
ir al baño,auf die Toilette gehen,
el baño,Bad,
vestirse,sich anziehen,
la noticia,Nachricht,
lavarse los dientes,Zähne putzen,
puntualmente,pünktlich,
la pausa,Pause,
el compañero,"Kamerad, Kollege",
juntos,zusammen,
quedarse,bleiben,
varios,verschiedene,
la hora,Stunde,
finalmente,"endlich, schließlich",
ver la televisión,fernsehen,
irse,weggehen,
la cama,Bett,
entre semana,unter der Woche,
diferente,"anders, unterschiedlich",
mal,schlecht,
contento,"glücklich, zufrieden",
lentamente,langsam,
tomar forma,Gestalt annehmen,
reunirse,zusammenkommen,
de pronto,auf einmal,
típicamente,typisch,
enseguida,sofort,
el músculo,Muskel,
acostar,ins Bett legen,
típico,typisch,
normal,normal,
frecuente,häufig,
cocinero,Koch,
invitar,einladen,
sentirse,sich fühlen,
construir,bauen,
oír,hören,
enfermarse,krank werden,
la filial,Filiale,
reservar,"buchen, reservieren",
explicar,erklären,
palabra,Wort,
el pastelero,"Kuchenbäcker, Konditor",
la tabla de surf,Surfbrett,
carísimo,sehr teuer,
tanto,so viel,
la chaqueta,Jacke,
robar,stehlen,
probarse,anprobieren,
la talla,Konfektionsgröße,
ridículo,lächerlich,
grandísimo,sehr groß,
demasiado,"zu viel, zu sehr",
ancho,breit,
por supuesto,selbstverständlich,
cumplir años,Geburtstag haben,
por cierto,übrigens,
celebrar,feiern,
abrir,"eröffnen, öffnen",
el turno,Schicht,
intensivo,intensiv,
vaya,na so was,
es que,"denn, nämlich",
el regalo,Geschenk,
la ropa,Kleidung,
qué te parece,was hältst du davon?,
acompañar,begleiten,
el novio,fester Freund,
odiar,hassen,
qué pena,wie schade,
el pastel,Kuchen,
la vela,Kerze,
el globo,Luftballon,
el aniversario,Jahrestag,
la boda,Hochzeit,
la Navidad,Weihnachten,
el año nuevo,Neujahr,
feliz,glücklich,
pasar,bestehen,
el examen,Prüfung,
profesional,beruflich,
enhorabuena,herzlichen Glückwunsch,
aplaudir,klatschen,
la canción,Lied,
la tarta,Torte,
soplar,ausblasen,
inmediatamente,sofort,
el deseo,Wunsch,
cantar,singen,
especial,speziell,
todos,alle,
la sandalia,Sandale,
el bolso,Tasche,
el abrigo,Mantel,
la camiseta,T-Shirt,
los pantalones,Hose,
la falda,Rock,
el jersey,Pullover,
los vaqueros,Jeans,
la blusa,Bluse,
la bota,Stiefel,
la gorra,Mütze,
la camisa,Hemd,
la corbata,Krawatte,
el guante,Handschuh,
el vestido,Kleid,
la zapatilla de deporte,Sportschuh,
la bufanda,Schal,
el pañuelo,Tuch,
la seda,Seide,
el traje,Anzug,
la cabeza,Kopf,
formal,"förmlich, formell",
la tranquilidad,Ruhe,
recibir,"empfangen, erhalten",
colega,Kollege/in,
privado,privat,
hablar por teléfono,telefonieren,
el/la cliente,Kunde/in,
organizar,organisieren,
la reunión,"Treffen, Besprechung",
el cava,Sekt,
enfriar,abkühlen,
colocar,"stellen, richten",
limpiar,putzen,
bastante,ziemlich,
por qué,warum,
la entrada,Ticket,
es verdad,es stimmt,
tener razón,Recht haben,
quizá,vielleicht,
demasiado poco,viel zu wenig,
opinar,meinen,
mismo,"gleich, selbst",
calentito,schön warm,
caliente,"heiß, warm",
la lana,Wolle,
el acrílico,Acryl,
agradable,angenehm,
el probador,Umkleidekabine,
el modelo,Modell,
la oferta,Angebot,
estrecho,eng,
uno,man,
la región,Region,
recomendar,empfehlen,
felicitar,beglückwünschen,
las vacaciones,Urlaub,
peor,"schlechter, schlimmer",
poco,wenig,
suficiente,genug,
la hamburguesa,Hamburger,
otro día,ein andermal,
el vale,Gutschein,
sucio,schmutzig,
desordenado,unordentlich,
la vida,Leben,
vamos,los kommt schon,
la planta baja,Erdgeschoss,
la cocina,Küche,
el salón,Wohnzimmer,
el comedor,Esszimmer,
ordenar,ordnen,
pasar la aspiradora,staubsaugen,
la aspiradora,Staubsauger,
subir,"hochgehen, hinaufgehen",
el piso,Stockwerk,
cuidado,"Achtung, Vorsicht",
la escalera,"Treppe, Treppenhaus",
el sótano,Keller,
poner la mesa,Tisch decken,
aprender,lernen,
pasado,vergangen,
el silencio,"Ruhe, Stille",
la sorpresa,Überraschung,
la ventana,Fenster,
tampoco,auch nicht,
original,original,
molestarse,sich Umstände machen,
el mundo,Welt,
el tejado,Dach,
el balcón,Balkon,
el garaje,Garage,
cuarto,vierte/r/s,
quinto,fünfte/r/s,
la habitación,Zimmer,
el jardín,Garten,
el servicio,Toilette,
el guardarropa,Garderobe,
el pasillo,"Gang, Flur",
el dormitorio,Schlafzimmer,
la lámpara,Lampe,
la estantería,Regal,
el televisor,Fernsehapparat,
el sillón,Sessel,
la cortina,Gardine,
el microondas,Mikrowellenherd,
el fregadero,Spüle,
la taza,Tasse,
la nevera,Kühlschrank,
la puerta,Tür,
el cuadro,"Bild, Gemälde",
la almohada,Schlafkissen,
el armario,Schrank,
la cómoda,Kommode,
la alfombra,Teppich,
la ducha,Dusche,
el wáter,Klo,
la lavadora,Waschmaschine,
el espejo,Spiegel,
el lavabo,Waschbecken,
la bañera,Badewanne,
sentarse,sich setzen,
la manta,Decke,
el cojín,Kissen,
la cocina eléctrica,Elektroherd,
guardar,aufbewahren,
el mueble,Möbel,
el aparato,Gerät,
la decoración,Dekoration,
limpio,sauber,
ordenado,ordentlich,
tirar,wegwerfen,
la basura,Müll,
planchar,bügeln,
poner la lavadora,Waschmaschine anschalten,
a ver,mal sehen,
necesario,notwendig,
en serio,im Ernst,
el detalle,"Aufmerksamkeit, Kleinigkeit",
cambiar,umtauschen,
justo,"genau, richtig",
el circo,Zirkus,
la dieta,Diät,
barato,"preiswert, billig",
la receta,Rezept,
de veras,"wirklich, tatsächlich",
el espacio,Raum,
la luz,Licht,
lo malo,das Schlimme,
céntrico,zentral gelegen,
el departamento,Abteilung,
propio,eigene/r/s,
no me digas,sag bloß,
lastimarse,sich wehtun,
terrible,schrecklich,
contigo,mit dir,
según,gemäß,
el bombón,Praline,
enamorado,verliebt,
encontrar,vorfinden,
el arte,Kunst,
la verdad,ehrlich gesagt,
amable,freundlich,
anoche,gestern Abend,
elegir,aussuchen,
deportivo,sportlich,
enorme,riesig,
faltar,fehlen,
introducir,einführen,
andar,zu Fuß gehen,
molestar,stören,
suerte,Glück,
regalar,schenken,
doler,wehtun,
no nada,gar nicht,
la pierna,Bein,
la conmoción cerebral,Gehirnerschütterung,
el cuello,Hals,
torcido,verstaucht,
sano,gesund,
el seguro,Versicherung,
el suero,Kochsalzlösung,
el/ la paciente,Patient/in,
apretar,drücken,
el botón,Knopf,
el accidente,Unfall,
el desinfectante,Desinfektionsmittel,
loco,verrückt,
nadie,niemand,
antes,früher,
la fiebre,Fieber,
el virus,Virus,
peligroso,gefährlich,
el clima,"Klima, Wetter",
oye,hör mal,
cuando,als,
el muro,Mauer,
todo el mundo,jedermann,
decidir,entscheiden,
recordar,sich erinnern,
apoyar,unterstützen,
caminar,"gehen, laufen",
poco a poco,"allmählich, Schritt für Schritt",
mejorar,sich bessern,
el cuento,"Geschichte, Märchen",
la página,Seite,
las náuseas,Übelkeit,
embarazada,schwanger,
la garganta,"Hals, Kehle",
el oído,"Innenohr, Gehör",
el dedo,Finger,
el pecho,Brust,
el codo,Ellenbogen,
el estómago,Magen,
la rodilla,Knie,
el dedo del pie,Zehe,
el trasero,Hintern,
la espalda,Rücken,
el hombro,Schulter,
la muela,Backenzahn,
estar sentado,sitzen,
mover,bewegen,
el brazo,Arm,
el corazón,Herz,
enfermo,krank,
el dolor,Schmerz,
la alergia,Allergie,
resfriado,erkältet,
la tos,Husten,
la diarrea,Durchfall,
por suerte,zum Glück,
la gota,Tropfen,
el bloqueador solar,Sonnenblocker,
la venda,Verband,
el jarabe,Sirup,
la tirita,Pflaster,
la crema,Creme,
la pastilla,Tablette,
la gripe,Grippe,
respirar,atmen,
la sangre,Blut,
el hambre,Hunger,
la sed,Durst,
triste,traurig,
cansado,müde,
tener sueño,schläfrig sein,
enfadado,verärgert,
nervioso,nervös,
hinchado,geschwollen,
mareado,schwindlig,
vomitar,sich übergeben,
la cita,Termin,
tomar asiento,sich setzen,
la sala de espera,Wartezimmer,
profundo,tief,
toser,husten,
el resfriado,Erkältung,
recetar,verschreiben,
que se mejore,gute Besserung,
el medicamento,Medikament,
fuerte,stark,
de verdad,wirklich,
horrible,schrecklich,
el libro de cocina,Kochbuch,
fácil,leicht,
ningún,keine/r/s,
alguien,jemand,
la escuela,Schule,
divertido,"lustig, unterhaltsam",
todas las mañanas,jeden Morgen,
la agencia,Agentur,
el anuncio,"Werbung, Plakat, Anzeige",
el sur,Süden,
la colección,Sammlung,
volver a,etwas noch einmal tun,
preocupado,besorgt,
esto,das hier,
escoger,aussuchen,
el antibiótico,Antibiotikum,
la caja,Kasse,
¡hecho!,abgemacht!,
el cordero,Lamm,
a la plancha,"gegrillt, gebacken",
la carta,Speisekarte,
el gazpacho,kalte Gemüsesuppe,
frío,kalt,
el pimiento,Paprikaschote,
poco sano,ungesund,
la arquitectura,Architektur,
la nota,Note,
la formación profesional,Berufsausbildung,
la carrera,"Studium, Karriere",
el derecho,Jura,
el estrés,Stress,
autónomo,selbstständig,
el principio,Anfang,
desde hace,seit,
llover,regnen,
ocultar,"verbergen, verheimlichen",
el sentimiento,Gefühl,
entrar,hineingehen,
el vendedor,Verkäufer,
cantante,Sänger/in,
el empleado,Angestellter,
el médico,Arzt,
guía de turistas,Reiseführer/in,
el mecánico,Mechaniker,
bailarín,Tänzer/in,
policía,Polizist/in,
el artículo,Artikel,
el espectáculo,"Veranstaltung, Vorstellung",
el baile,Tanz,
latinoamericano,lateinamerikanisch,
reparar,reparieren,
el taller,Werkstatt,
adonde,wohin,
la asignatura,Fach,
las matemáticas,Mathematik,
la tecnología,Technologie,
la física,Physik,
la calificación,Zeugnis,
sobresaliente,Note sehr gut,
notable,Note gut,
hispanohablante,spanischsprachig,
la primaria,Grundschule,
asistir,teilnehmen,
la clase,Unterricht,
la secundaria,weiterführende Schule,
obligatorio,Pflicht-,
el bachillerato,Abitur,
superior,obere/r/s,
la admisión,Aufnahme,
obtener,bekommen,
el título,Titel,
la licenciatura,Hochschulabschluss,
el grado,akademischer Grad,
la maestría,Mastertitel,
el doctorado,Doktortitel,
la materia,Fach,
el alumno,"Schüler, Lernender",
el cubierto,Besteck,
el cuchillo,Messer,
la cuchara,Löffel,
la cucharilla,Kaffeelöffel,
el tenedor,Gabel,
la vajilla,Geschirr,
la fuente,Schüssel,
el platillo,Unterteller,
el condimento,Gewürz,
la sal,Salz,
la pimienta,Pfeffer,
el vinagre,Essig,
la servilleta,Serviette,
el revuelto,Omelette,
la sartén,Pfanne,
la ternera,Kalb,
el cerdo,Schwein,
el horno,Backofen,
la merluza,Seehecht,
salado,salzig,
la trucha,Forelle,
dulce,süß,
el guiso,Schmorgericht,
la mezcla,Mischung,
el ingrediente,Zutat,
la olla,Topf,
asar,"braten, grillen",
la placa,Platte,
la grasa,Fett,
la lenteja,Linse,
el bombero,Feuerwehrmann,
dibujar,zeichnen,
durante,während,
sin embargo,jedoch,
la publicidad,Werbung,
las prácticas,Praktikum,
mixto,gemischt,
la seta,Pilz,
andaluz,andalusisch,
el filete,Filet,
la chuleta,Kotelett,
el postre,Nachtisch,
el flan,Pudding,
el helado,Eis,
variado,verschiedenartig,
el té,Tee,
ácido,sauer,
amargo,bitter,
el chile,Chili,
ordenar,bestellen,
posible,möglich,
saludar,grüßen,
durar,"dauern, halten",
visual,visuell,
creativo,kreativ,
publicar,veröffentlichen,
proyecto,Projekt,
hace,vor,
la niñez,Kindheit,
el amor,Liebe,
besar,küssen,
pronto,bald,
Dios,Gott,
avergonzado,beschämt,
la aplicación,App,
la pareja,Lebenspartner/in,
enviar,schicken,
asustado,erschrocken,
la luna de miel,Hochzeitsreise,
suponer,vermuten,
correr,rennen,
religioso,religiös,
la novia,Braut,
aburrido,langweilig,
el servidor,Server,
los novios,Brautpaar,
el enlace,Link,
deprimido,deprimiert,
el teclado,Tastatur,
la impresora,Drucker,
el archivo,Datei,
llevarse bien,sich gut verstehen,
postear,posten,
emocionado,"gespannt, aufgeregt",
sorprendido,überrascht,
orgulloso,stolz,
la fábrica,Fabrik,
el futuro,Zukunft,
el programa,Programm,
el anillo,Ring,
el velo,Schleier,
el ramo,Strauß,
civil,standesamtlich,
el invitado,Gast,
sencillo,einfach,
íntimo,privat,
el viaje de novios,Hochzeitsreise,
isla,Insel,
el novio,Bräutigam,
el templo,Tempel,
la ceremonia,Feier,
el oro,Gold,
la plata,Silber,
el metal precioso,Edelmetall,
el usuario,Benutzer,
la clave de acceso,Passwort,
el ratón,Maus,
la pantalla,"Bildschirm, Display",
el cargador,Ladegerät,
conectar,verbinden,
la red,Netz,
el ordenador portátil,Laptop,
el ordenador,Computer,
la tableta,Tablet,
descargar,herunterladen,
guardar,speichern,
el dato,Angabe,
describir,beschreiben,
la experiencia,Erfahrung,
la opinión,Meinung,
blog,Blog,
el canal,Sender,
participar,teilnehmen,
las redes sociales,soziale Netzwerke,
el par,Paar,
a través de,durch,
el portal,Portal,
la cita,Date,
imprimir,ausdrucken,
usar,benutzen,
navegar,surfen,
pesado,lästig,
lamentablemente,leider,
jefe,"Chef, Vorgesetzter",
el grupo,Gruppe,
la llave,Schlüssel,
el colegio,Schule,
qué emoción,wie spannend,
el secreto,Geheimnis,
por casualidad,zufällig,
el espagueti,Spaghetti,
tal vez,vielleicht,
responsable,verantwortungsvoll,
la acción,"Handlung, Action",
prohibido,verboten,
combinar,kombinieren,
cambiar,sich ändern,
optimista,optimistisch,
el gemelo,Zwilling,
me gustaría,ich würde gerne,
el especialista,Spezialist,
activo,aktiv,
importar,ausmachen,
escalar,"klettern, bergsteigen",
bucear,tauchen,
el noroeste,Nordwesten,
la costa,Küste,
el bosque,Wald,
ideal,ideal,
el senderismo,Wandern,
gran,großartig,
el camino,Weg,
al norte,nordwärts,
el norte,Norden,
la capital,Hauptstadt,
histórico,historisch,
la cultura,Kultur,
el este,Osten,
el oeste,Westen,
la frontera,Grenze,
el palacio,Palast,
increíble,unglaublich,
la casa rural,Bauernhaus,
local,"lokal, örtlich",
perder,verlieren,
pasarlo bien,Spaß haben,
el vuelo,Flug,
la tarjeta de embarque,Bordkarte,
tuyo,deine/r/s,
perderse,"sich verfahren, sich verlaufen",
en tu lugar,an deiner Stelle,
volar,fliegen,
el esquí,"Ski, Skifahren",
la escalada,"Klettern, Bergsteigen",
la vela,Segel,
el documento,Dokument,
el pasaporte,Pass,
el equipaje,Gepäck,
la mochila,Rucksack,
el crucero,Kreuzfahrtschiff,
el atractivo,Attraktion,
la torre,Turm,
favorito,Lieblings-,
el océano,Ozean,
la ruta,Route,
el interior,Landesinnere,
el pueblo,Dorf,
dividirse,sich unterteilen,
la importancia,Wichtigkeit,
político,politisch,
el casco antiguo,Altstadt,
la parte,Teil,
los alrededores,Umgebung,
el volcán,Vulkan,
el castillo,"Schloss, Burg",
el puerto,Hafen,
el puente,Brücke,
el valle,Tal,
la cascada,Wasserfall,
cálido,warm,
seco,trocken,
húmedo,feucht,
la duna,Düne,
la arena,Sand,
cristalino,kristallklar,
situado,gelegen,
la orilla,Ufer,
la mezquita,Moschee,
actualmente,zurzeit,
romano,römisch,
la judería,Judenviertel,
medieval,mittelalterlich,
la altitud,Höhe,
rodeado,umringt,
la aventura,Abenteuer,
espectacular,spektakulär,
la roca,"Felsen, Stein",
la construcción,Bauwerk,
maravilloso,wunderbar,
el paisaje,Landschaft,
descubrir,entdecken,
disfrutar,genießen,
la gastronomía,Gastronomie,
la salud,Gesundheit,
el bienestar,"Wohlbefinden, Wellness",
el ocio,Freizeit,
la diversión,Spaß,
el alojamiento,Unterkunft,
el transporte,"Transport, Verkehrsmittel",
el apartamento,Appartement,
el sitio,"Ort, Platz",
acampar,zelten,
público,öffentlich,
el alquiler,"Vermietung, Miete",
la descarga,Download,
el folleto,Prospekt,
la carretera,Landstraße,
el plano,Stadtplan,
el evento,Veranstaltung,
el spa,Spa,
el masaje,Massage,
el golf,Golf,
la posibilidad,Möglichkeit,
el producto,Produkt,
la hora de salida,Abflugzeit,
principal,die Hauptsache,
el final,Ende,
el papel,Papier,
planificar,planen,
doble,Doppel-,
individual,Einzel-,
las vistas,"Aussicht, Blick",
el patio,Hof,
el precio,Preis,
la media pensión,Halbpension,
el desayuno,Frühstück,
el aparcamiento,Parkplatz,
rellenar,ausfüllen,
el formulario,Formular,
el ascensor,Aufzug,
fondo,hinten,
el comedor,Speisesaal,
desocupar,räumen,
el fumador,Raucher,
la recepción,Empfang,
la estancia,Aufenthalt,
mío,meine/r/s,
suyo,"seine/r, ihre/r",
el líquido,Flüssigkeit,
el pasajero,Passagier,
la seguridad,Sicherheit,
la bandeja,Tablett,
separado,getrennt,
el reloj,Uhr,
la toalla,Handtuch,
la piscina,"Schwimmbad, Pool",
los señores,"Herrschaften, Ehepaar",
la ida,Hinfahrt,
la vuelta,Rückkehr,
el control,Kontrolle,
controlar,kontrollieren,
la llegada,Ankunft,
querido,liebe/r,
allá,dort,
seguro,sicher,
dentista,Zahnarzt/Zahnärztin,
excelente,hervorragend,
el DNI,Personalausweis,
la señorita,junge Frau,
frente a,(da)vor,
la fiesta popular,Volksfest,
agente de seguridad,Sicherheitsbeamte/r,
editar,"verlegen (Buch, Zeitung)",
esperar,"hoffen, erwarten",
la compañía,Begleitung,
hacerse,werden,
aunque,"obwohl, auch wenn",
la orden,Befehl,
cuidar,aufpassen auf,
temporal,zeitlich befristet,
malgastar,vergeuden,
la solicitud,"Bewerbung, Antrag",
la empresa,"Unternehmen, Firma",
la respuesta,Antwort,
oler,riechen,
para qué,wofür,
raro,seltsam,
comprar,kaufen,
morir,sterben,
el cáncer,Krebs,
adolescente,Jugendliche/r,
la atención,Betreuung,
científico,wissenschaftlich,
la beca,Stipendium,
la firma,Unterschrift,
el plan,"Plan, Vorhaben",
la felicidad,Glück,
sonar,klingen,
la libertad,Freiheit,
verse,"scheinen, aussehen",
la explosión,Explosion,
la locura,Wahnsinn,
tocar,berühren,
el medio de comunicación,Kommunikationsmittel,
fatal,"mies, schlimm",
la media,Strumpf,
el titular,Schlagzeile,
la portada,Titelseite,
la sección,Teil,
los anuncios clasificados,Kleinanzeigen,
ofrecer,anbieten,
el servicio,Dienstleistung,
la carta al director,Leserbrief,
el lector,Leser,
la política,Politik,
la actualidad,"Aktualität, Zeitgeschehen",
el partido,Spiel,
el campeonato,Meisterschaft,
la economía,Wirtschaft,
las finanzas,Finanzen,
la literatura,Literatur,
el suceso,Geschehen,
la criminalidad,Kriminalität,
el desastre,Desaster,
el editorial,Leitartikel,
ante,vor,
actual,aktuell,
la historieta,Comicstrip,
la revista del corazón,Illustrierte,
la informática,Informatik,
la programación TV,Fernsehzeitschrift,
el hogar,Haushalt,
la moda,Mode,
satírico,satirisch,
el pasatiempo,Freizeitbeschäftigung,
la carta,Brief,
el sobre,Umschlag,
el sello,Briefmarke,
remitente,Absender,
la postal,Ansichtskarte,
el buzón,"Briefkasten, Postfach",
el cartero,Briefträger,
coleccionar,sammeln,
la policía,Polizei,
insertar,einfügen,
el formato,Format,
la opción,Option,
la herramienta,"Werkzeug, Tool",
la bandeja de entrada,Posteingang,
el directorio,Telefonbuch,
adjuntar,beifügen,
la papelera,Papierkorb,
el destinatario,Empfänger,
la copia,Kopie,
el asunto,Betreff,
copiar,kopieren,
corregir,korrigieren,
reenviar,weiterleiten,
la arroba,Klammeraffe,
borrar,löschen,
el spam,Spam,
luminoso,"hell, leuchtend",
suave,"weich, sanft",
la brisa,Brise,
de colores,bunt,
el sonido,Klang,
el sabor,Geschmack,
borroso,verschwommen,
apestar,stinken,
soportar,aushalten,
el olfato,Geruchssinn,
el oído,Hörsinn,
el tacto,Tastsinn,
el gusto,Geschmackssinn,
la vista,Sehsinn,
el aroma,Duft,
el olor,Geruch,
el perfume,Parfüm,
la voz,Stimme,
duro,hart,
fuerte,laut,
la imagen,Bild,
el perfil,Profil,
agregar,hinzufügen,
la amistad,Freundschaft,
dar me gusta,liken,
la entrada,Eintrag,
la felicitación,"Gratulation, Glückwunsch",
el muro,Pinnwand,
subir,hochladen,
el vídeo,Video,
el selfi,Selfie,
en línea,online,
el contrato,Vertrag,
el wifi,W-Lan,
la tarifa plana,Flatrate,
actualizar,aktualisieren,
estar al día,auf dem Laufenden sein,
la serie,Serie,
la descarga continua,Streaming,
aparte,außerdem,
el seguidor,Follower,
el podcast,Podcast,
el tema,Thema,
el gimnasio,"Sporthalle, Fitnessstudio",
consultar,"um Rat fragen, nachschlagen",
el foro,Forum,
el tutorial,Tutorial,
útil,nützlich,
el paso,Schritt,
emocionante,"spannend, aufregend",
en directo,live,
en tiempo real,in Echtzeit,
ajustar,anpassen,
la privacidad,Privatsphäre,
el abrazo,Umarmung,
estimado,sehr geehrter,
atentamente,mit freundlichen Grüßen,
la situación,Situation,
solucionar,lösen,
aclarar,klären,
imaginarse,sich vorstellen,
convencido,überzeugt,
dudar,bezweifeln,
ojalá,hoffentlich,
alegrarse,sich freuen,
el éxito,Erfolg,
el riesgo,Risiko,
el gusto,Vergnügen,
acabar de + Inf.,gerade etw. getan haben,
el post,Post (Internet),
charlar,plaudern,
cobrar,kassieren,
mudo,stumm,
Cargo,blind,
sordo,taub,
el desierto,Wüste,
el elefante,Elefant,
el delfín,Delfin,
el pez,Fisch (Tier),
el instituto secundario,Gymnasium,
la carpeta,Mappe,
el mantel,Tischdecke,
la raqueta,Schläger,
"el cohete, el misil",Rakete,
la memoria,Gedächtnis,
la oveja,Schaf,
la gallina,Huhn,
el caballo,Pferd,
el ganso,Ente,
la cabra,Ziege,
el conejo,Kanichen,
la barbilla,Kinn,
la ceja,Augebraue,
el gallo,Hahn,
el cartón,Karton,
el trozo,Stück,
la letra,Buchstabe,
la Pizarra,Tafel,
el cuaderno,Heft,
el rotulador,Filzstift,
calcular,rechnen,
experimentar,experimentieren,
repitir,wiederholen,
analizar,analysieren,
el ramo de flores,Blumenstrauß,
el domicilio,Wohnort,
el lugar de nacimiento,Geburtsort,
el jabón,Seife,
el abogado,Anwalt,
el policía,Polizist,
el genero,Geschlecht,
el actor,Schauspieler,
igual,gleich,
el instrumento,Instrument,
la zapateria,Schuhgeschäft,
la papelería,Schreibwarengeschäft,
la autopista,Autobahn,
la enfermedad,Krankheit,
la gratitud,Dankbarkeit,
gritar,schreien,
ni idea,keine Ahnung,
me pone,stellen Sie mir,
deme,geben Sie mir,
tiene,Haben Sie,
es todo,das ist alles,
cuánto cuesta,wie viel kostet…,
cuánto es todo,wieviel macht das insgesamt,
el pajaro,Vogel,
el leon,Löwe,
el tigre,Tiger,
la operación,Operation,
la lavavajillas,Geschirrspüler,
con que frecuencia,wie häufig,
cuantas veces,wie viele Male,
el sed,Durst,
el sueño,Traum,
las ganas,Lust,
los dedos,Finger,
la panza,Bauch,
el síntoma,Symptom,
el ladrón,Dieb,
colgar el teléfono,auflegen,
contestar la llamada,Anruf entgegennehmen,
marcar el número,Nummer wählen,
el beneficio,Nutzen,
la ganancia,Gewinn,
caducar,ablaufen,
enfadar,verärgern,
el tamaño,Größe,
dañado,beschädigt,
muy a pesar mío,schweren Herzens,
